ds,y,unique_id
2019-01-01,96.92,Electricity_Main_Grid
2019-01-02,108.75,Electricity_Main_Grid
2019-01-03,108.39,Electricity_Main_Grid
2019-01-04,104.32,Electricity_Main_Grid
2019-01-05,97.64,Electricity_Main_Grid
2019-01-06,90.33,Electricity_Main_Grid
2019-01-07,95.8,Electricity_Main_Grid
2019-01-08,98.94,Electricity_Main_Grid
2019-01-09,108.73,Electricity_Main_Grid
2019-01-10,109.23,Electricity_Main_Grid
2019-01-11,99.94,Electricity_Main_Grid
2019-01-12,95.89,Electricity_Main_Grid
2019-01-13,92.93,Electricity_Main_Grid
2019-01-14,98.06,Electricity_Main_Grid
2019-01-15,103.61,Electricity_Main_Grid
2019-01-16,109.44,Electricity_Main_Grid
2019-01-17,108.42,Electricity_Main_Grid
2019-01-18,104.25,Electricity_Main_Grid
2019-01-19,98.74,Electricity_Main_Grid
2019-01-20,89.71,Electricity_Main_Grid
2019-01-21,92.32,Electricity_Main_Grid
2019-01-22,103.06,Electricity_Main_Grid
2019-01-23,109.32,Electricity_Main_Grid
2019-01-24,109.89,Electricity_Main_Grid
2019-01-25,103.5,Electricity_Main_Grid
2019-01-26,98.78,Electricity_Main_Grid
2019-01-27,92.99,Electricity_Main_Grid
2019-01-28,91.08,Electricity_Main_Grid
2019-01-29,103.04,Electricity_Main_Grid
2019-01-30,106.93,Electricity_Main_Grid
2019-01-31,112.0,Electricity_Main_Grid
2019-02-01,102.32,Electricity_Main_Grid
2019-02-02,102.39,Electricity_Main_Grid
2019-02-03,93.36,Electricity_Main_Grid
2019-02-04,89.1,Electricity_Main_Grid
2019-02-05,101.12,Electricity_Main_Grid
2019-02-06,112.35,Electricity_Main_Grid
2019-02-07,110.62,Electricity_Main_Grid
2019-02-08,104.52,Electricity_Main_Grid
2019-02-09,95.43,Electricity_Main_Grid
2019-02-10,90.89,Electricity_Main_Grid
2019-02-11,95.32,Electricity_Main_Grid
2019-02-12,102.46,Electricity_Main_Grid
2019-02-13,113.79,Electricity_Main_Grid
2019-02-14,112.05,Electricity_Main_Grid
2019-02-15,105.18,Electricity_Main_Grid
2019-02-16,101.34,Electricity_Main_Grid
2019-02-17,92.15,Electricity_Main_Grid
2019-02-18,94.95,Electricity_Main_Grid
2019-02-19,102.63,Electricity_Main_Grid
2019-02-20,113.57,Electricity_Main_Grid
2019-02-21,110.1,Electricity_Main_Grid
2019-02-22,107.17,Electricity_Main_Grid
2019-02-23,98.63,Electricity_Main_Grid
2019-02-24,91.82,Electricity_Main_Grid
2019-02-25,96.1,Electricity_Main_Grid
2019-02-26,105.56,Electricity_Main_Grid
2019-02-27,110.73,Electricity_Main_Grid
2019-02-28,112.11,Electricity_Main_Grid
2019-03-01,108.36,Electricity_Main_Grid
2019-03-02,97.19,Electricity_Main_Grid
2019-03-03,91.71,Electricity_Main_Grid
2019-03-04,93.11,Electricity_Main_Grid
2019-03-05,103.01,Electricity_Main_Grid
2019-03-06,110.88,Electricity_Main_Grid
2019-03-07,112.28,Electricity_Main_Grid
2019-03-08,107.31,Electricity_Main_Grid
2019-03-09,95.1,Electricity_Main_Grid
2019-03-10,92.4,Electricity_Main_Grid
2019-03-11,98.44,Electricity_Main_Grid
2019-03-12,106.92,Electricity_Main_Grid
2019-03-13,109.06,Electricity_Main_Grid
2019-03-14,111.05,Electricity_Main_Grid
2019-03-15,106.4,Electricity_Main_Grid
2019-03-16,98.13,Electricity_Main_Grid
2019-03-17,93.14,Electricity_Main_Grid
2019-03-18,94.45,Electricity_Main_Grid
2019-03-19,106.2,Electricity_Main_Grid
2019-03-20,115.96,Electricity_Main_Grid
2019-03-21,114.03,Electricity_Main_Grid
2019-03-22,107.89,Electricity_Main_Grid
2019-03-23,97.3,Electricity_Main_Grid
2019-03-24,99.1,Electricity_Main_Grid
2019-03-25,96.32,Electricity_Main_Grid
2019-03-26,107.01,Electricity_Main_Grid
2019-03-27,111.91,Electricity_Main_Grid
2019-03-28,113.91,Electricity_Main_Grid
2019-03-29,112.22,Electricity_Main_Grid
2019-03-30,96.17,Electricity_Main_Grid
2019-03-31,94.27,Electricity_Main_Grid
2019-04-01,96.01,Electricity_Main_Grid
2019-04-02,106.57,Electricity_Main_Grid
2019-04-03,117.84,Electricity_Main_Grid
2019-04-04,114.93,Electricity_Main_Grid
2019-04-05,109.27,Electricity_Main_Grid
2019-04-06,97.72,Electricity_Main_Grid
2019-04-07,93.74,Electricity_Main_Grid
2019-04-08,95.37,Electricity_Main_Grid
2019-04-09,103.34,Electricity_Main_Grid
2019-04-10,111.43,Electricity_Main_Grid
2019-04-11,111.56,Electricity_Main_Grid
2019-04-12,106.34,Electricity_Main_Grid
2019-04-13,99.76,Electricity_Main_Grid
2019-04-14,97.15,Electricity_Main_Grid
2019-04-15,95.04,Electricity_Main_Grid
2019-04-16,105.15,Electricity_Main_Grid
2019-04-17,112.97,Electricity_Main_Grid
2019-04-18,115.61,Electricity_Main_Grid
2019-04-19,111.66,Electricity_Main_Grid
2019-04-20,102.91,Electricity_Main_Grid
2019-04-21,94.64,Electricity_Main_Grid
2019-04-22,100.47,Electricity_Main_Grid
2019-04-23,104.99,Electricity_Main_Grid
2019-04-24,113.26,Electricity_Main_Grid
2019-04-25,116.89,Electricity_Main_Grid
2019-04-26,109.83,Electricity_Main_Grid
2019-04-27,102.97,Electricity_Main_Grid
2019-04-28,93.03,Electricity_Main_Grid
2019-04-29,97.39,Electricity_Main_Grid
2019-04-30,105.97,Electricity_Main_Grid
2019-05-01,115.23,Electricity_Main_Grid
2019-05-02,115.8,Electricity_Main_Grid
2019-05-03,111.79,Electricity_Main_Grid
2019-05-04,101.39,Electricity_Main_Grid
2019-05-05,96.08,Electricity_Main_Grid
2019-05-06,100.56,Electricity_Main_Grid
2019-05-07,107.69,Electricity_Main_Grid
2019-05-08,109.41,Electricity_Main_Grid
2019-05-09,116.06,Electricity_Main_Grid
2019-05-10,112.3,Electricity_Main_Grid
2019-05-11,104.55,Electricity_Main_Grid
2019-05-12,95.31,Electricity_Main_Grid
2019-05-13,100.98,Electricity_Main_Grid
2019-05-14,105.4,Electricity_Main_Grid
2019-05-15,113.17,Electricity_Main_Grid
2019-05-16,115.45,Electricity_Main_Grid
2019-05-17,111.66,Electricity_Main_Grid
2019-05-18,100.21,Electricity_Main_Grid
2019-05-19,95.33,Electricity_Main_Grid
2019-05-20,98.64,Electricity_Main_Grid
2019-05-21,108.71,Electricity_Main_Grid
2019-05-22,112.66,Electricity_Main_Grid
2019-05-23,117.43,Electricity_Main_Grid
2019-05-24,112.69,Electricity_Main_Grid
2019-05-25,101.69,Electricity_Main_Grid
2019-05-26,95.62,Electricity_Main_Grid
2019-05-27,103.01,Electricity_Main_Grid
2019-05-28,106.96,Electricity_Main_Grid
2019-05-29,116.98,Electricity_Main_Grid
2019-05-30,117.59,Electricity_Main_Grid
2019-05-31,110.06,Electricity_Main_Grid
2019-06-01,102.44,Electricity_Main_Grid
2019-06-02,92.51,Electricity_Main_Grid
2019-06-03,97.03,Electricity_Main_Grid
2019-06-04,110.1,Electricity_Main_Grid
2019-06-05,116.54,Electricity_Main_Grid
2019-06-06,117.63,Electricity_Main_Grid
2019-06-07,107.25,Electricity_Main_Grid
2019-06-08,106.92,Electricity_Main_Grid
2019-06-09,98.75,Electricity_Main_Grid
2019-06-10,101.13,Electricity_Main_Grid
2019-06-11,110.22,Electricity_Main_Grid
2019-06-12,112.63,Electricity_Main_Grid
2019-06-13,119.0,Electricity_Main_Grid
2019-06-14,113.06,Electricity_Main_Grid
2019-06-15,102.15,Electricity_Main_Grid
2019-06-16,96.4,Electricity_Main_Grid
2019-06-17,100.49,Electricity_Main_Grid
2019-06-18,105.69,Electricity_Main_Grid
2019-06-19,113.56,Electricity_Main_Grid
2019-06-20,118.31,Electricity_Main_Grid
2019-06-21,112.35,Electricity_Main_Grid
2019-06-22,102.99,Electricity_Main_Grid
2019-06-23,98.19,Electricity_Main_Grid
2019-06-24,100.68,Electricity_Main_Grid
2019-06-25,105.06,Electricity_Main_Grid
2019-06-26,121.0,Electricity_Main_Grid
2019-06-27,121.87,Electricity_Main_Grid
2019-06-28,109.79,Electricity_Main_Grid
2019-06-29,104.96,Electricity_Main_Grid
2019-06-30,101.34,Electricity_Main_Grid
2019-07-01,100.78,Electricity_Main_Grid
2019-07-02,109.99,Electricity_Main_Grid
2019-07-03,117.35,Electricity_Main_Grid
2019-07-04,119.5,Electricity_Main_Grid
2019-07-05,113.62,Electricity_Main_Grid
2019-07-06,105.97,Electricity_Main_Grid
2019-07-07,99.28,Electricity_Main_Grid
2019-07-08,97.0,Electricity_Main_Grid
2019-07-09,108.96,Electricity_Main_Grid
2019-07-10,113.69,Electricity_Main_Grid
2019-07-11,121.51,Electricity_Main_Grid
2019-07-12,110.92,Electricity_Main_Grid
2019-07-13,107.74,Electricity_Main_Grid
2019-07-14,98.69,Electricity_Main_Grid
2019-07-15,100.79,Electricity_Main_Grid
2019-07-16,107.99,Electricity_Main_Grid
2019-07-17,116.16,Electricity_Main_Grid
2019-07-18,118.33,Electricity_Main_Grid
2019-07-19,113.13,Electricity_Main_Grid
2019-07-20,105.58,Electricity_Main_Grid
2019-07-21,100.39,Electricity_Main_Grid
2019-07-22,102.5,Electricity_Main_Grid
2019-07-23,114.03,Electricity_Main_Grid
2019-07-24,122.03,Electricity_Main_Grid
2019-07-25,117.17,Electricity_Main_Grid
2019-07-26,115.98,Electricity_Main_Grid
2019-07-27,107.76,Electricity_Main_Grid
2019-07-28,104.47,Electricity_Main_Grid
2019-07-29,102.97,Electricity_Main_Grid
2019-07-30,109.34,Electricity_Main_Grid
2019-07-31,117.72,Electricity_Main_Grid
2019-08-01,120.02,Electricity_Main_Grid
2019-08-02,112.77,Electricity_Main_Grid
2019-08-03,104.91,Electricity_Main_Grid
2019-08-04,104.19,Electricity_Main_Grid
2019-08-05,99.65,Electricity_Main_Grid
2019-08-06,110.14,Electricity_Main_Grid
2019-08-07,118.36,Electricity_Main_Grid
2019-08-08,119.03,Electricity_Main_Grid
2019-08-09,116.56,Electricity_Main_Grid
2019-08-10,106.9,Electricity_Main_Grid
2019-08-11,100.99,Electricity_Main_Grid
2019-08-12,100.04,Electricity_Main_Grid
2019-08-13,110.23,Electricity_Main_Grid
2019-08-14,119.06,Electricity_Main_Grid
2019-08-15,122.42,Electricity_Main_Grid
2019-08-16,113.91,Electricity_Main_Grid
2019-08-17,104.73,Electricity_Main_Grid
2019-08-18,100.6,Electricity_Main_Grid
2019-08-19,102.01,Electricity_Main_Grid
2019-08-20,114.29,Electricity_Main_Grid
2019-08-21,120.45,Electricity_Main_Grid
2019-08-22,125.02,Electricity_Main_Grid
2019-08-23,116.46,Electricity_Main_Grid
2019-08-24,107.47,Electricity_Main_Grid
2019-08-25,100.94,Electricity_Main_Grid
2019-08-26,108.32,Electricity_Main_Grid
2019-08-27,109.98,Electricity_Main_Grid
2019-08-28,117.87,Electricity_Main_Grid
2019-08-29,115.28,Electricity_Main_Grid
2019-08-30,118.84,Electricity_Main_Grid
2019-08-31,106.58,Electricity_Main_Grid
2019-09-01,100.61,Electricity_Main_Grid
2019-09-02,105.04,Electricity_Main_Grid
2019-09-03,115.74,Electricity_Main_Grid
2019-09-04,117.97,Electricity_Main_Grid
2019-09-05,123.9,Electricity_Main_Grid
2019-09-06,119.98,Electricity_Main_Grid
2019-09-07,106.33,Electricity_Main_Grid
2019-09-08,101.59,Electricity_Main_Grid
2019-09-09,104.69,Electricity_Main_Grid
2019-09-10,109.8,Electricity_Main_Grid
2019-09-11,120.83,Electricity_Main_Grid
2019-09-12,119.99,Electricity_Main_Grid
2019-09-13,116.71,Electricity_Main_Grid
2019-09-14,107.35,Electricity_Main_Grid
2019-09-15,101.88,Electricity_Main_Grid
2019-09-16,107.63,Electricity_Main_Grid
2019-09-17,112.25,Electricity_Main_Grid
2019-09-18,120.76,Electricity_Main_Grid
2019-09-19,122.89,Electricity_Main_Grid
2019-09-20,118.51,Electricity_Main_Grid
2019-09-21,105.78,Electricity_Main_Grid
2019-09-22,100.24,Electricity_Main_Grid
2019-09-23,103.52,Electricity_Main_Grid
2019-09-24,115.99,Electricity_Main_Grid
2019-09-25,118.25,Electricity_Main_Grid
2019-09-26,123.6,Electricity_Main_Grid
2019-09-27,116.37,Electricity_Main_Grid
2019-09-28,106.53,Electricity_Main_Grid
2019-09-29,102.79,Electricity_Main_Grid
2019-09-30,102.21,Electricity_Main_Grid
2019-10-01,115.05,Electricity_Main_Grid
2019-10-02,120.14,Electricity_Main_Grid
2019-10-03,121.33,Electricity_Main_Grid
2019-10-04,119.35,Electricity_Main_Grid
2019-10-05,109.15,Electricity_Main_Grid
2019-10-06,107.15,Electricity_Main_Grid
2019-10-07,107.4,Electricity_Main_Grid
2019-10-08,114.95,Electricity_Main_Grid
2019-10-09,121.22,Electricity_Main_Grid
2019-10-10,124.63,Electricity_Main_Grid
2019-10-11,117.19,Electricity_Main_Grid
2019-10-12,108.55,Electricity_Main_Grid
2019-10-13,102.34,Electricity_Main_Grid
2019-10-14,104.92,Electricity_Main_Grid
2019-10-15,113.15,Electricity_Main_Grid
2019-10-16,121.53,Electricity_Main_Grid
2019-10-17,124.11,Electricity_Main_Grid
2019-10-18,117.55,Electricity_Main_Grid
2019-10-19,110.92,Electricity_Main_Grid
2019-10-20,102.24,Electricity_Main_Grid
2019-10-21,106.63,Electricity_Main_Grid
2019-10-22,114.96,Electricity_Main_Grid
2019-10-23,123.16,Electricity_Main_Grid
2019-10-24,124.22,Electricity_Main_Grid
2019-10-25,116.72,Electricity_Main_Grid
2019-10-26,112.5,Electricity_Main_Grid
2019-10-27,104.8,Electricity_Main_Grid
2019-10-28,106.49,Electricity_Main_Grid
2019-10-29,117.65,Electricity_Main_Grid
2019-10-30,122.02,Electricity_Main_Grid
2019-10-31,127.37,Electricity_Main_Grid
2019-11-01,121.47,Electricity_Main_Grid
2019-11-02,111.02,Electricity_Main_Grid
2019-11-03,104.74,Electricity_Main_Grid
2019-11-04,110.91,Electricity_Main_Grid
2019-11-05,117.28,Electricity_Main_Grid
2019-11-06,123.76,Electricity_Main_Grid
2019-11-07,126.26,Electricity_Main_Grid
2019-11-08,117.02,Electricity_Main_Grid
2019-11-09,111.96,Electricity_Main_Grid
2019-11-10,109.73,Electricity_Main_Grid
2019-11-11,107.8,Electricity_Main_Grid
2019-11-12,116.98,Electricity_Main_Grid
2019-11-13,121.22,Electricity_Main_Grid
2019-11-14,125.16,Electricity_Main_Grid
2019-11-15,115.73,Electricity_Main_Grid
2019-11-16,112.97,Electricity_Main_Grid
2019-11-17,104.8,Electricity_Main_Grid
2019-11-18,109.59,Electricity_Main_Grid
2019-11-19,117.83,Electricity_Main_Grid
2019-11-20,122.13,Electricity_Main_Grid
2019-11-21,128.67,Electricity_Main_Grid
2019-11-22,120.77,Electricity_Main_Grid
2019-11-23,113.98,Electricity_Main_Grid
2019-11-24,104.3,Electricity_Main_Grid
2019-11-25,107.32,Electricity_Main_Grid
2019-11-26,118.31,Electricity_Main_Grid
2019-11-27,124.04,Electricity_Main_Grid
2019-11-28,129.58,Electricity_Main_Grid
2019-11-29,120.95,Electricity_Main_Grid
2019-11-30,113.66,Electricity_Main_Grid
2019-12-01,106.14,Electricity_Main_Grid
2019-12-02,110.86,Electricity_Main_Grid
2019-12-03,116.51,Electricity_Main_Grid
2019-12-04,124.61,Electricity_Main_Grid
2019-12-05,132.4,Electricity_Main_Grid
2019-12-06,120.33,Electricity_Main_Grid
2019-12-07,111.44,Electricity_Main_Grid
2019-12-08,107.25,Electricity_Main_Grid
2019-12-09,108.85,Electricity_Main_Grid
2019-12-10,119.81,Electricity_Main_Grid
2019-12-11,123.34,Electricity_Main_Grid
2019-12-12,125.07,Electricity_Main_Grid
2019-12-13,119.25,Electricity_Main_Grid
2019-12-14,110.67,Electricity_Main_Grid
2019-12-15,104.71,Electricity_Main_Grid
2019-12-16,108.04,Electricity_Main_Grid
2019-12-17,119.05,Electricity_Main_Grid
2019-12-18,125.7,Electricity_Main_Grid
2019-12-19,127.12,Electricity_Main_Grid
2019-12-20,122.43,Electricity_Main_Grid
2019-12-21,114.38,Electricity_Main_Grid
2019-12-22,108.86,Electricity_Main_Grid
2019-12-23,111.93,Electricity_Main_Grid
2019-12-24,117.97,Electricity_Main_Grid
2019-12-25,126.17,Electricity_Main_Grid
2019-12-26,126.65,Electricity_Main_Grid
2019-12-27,119.67,Electricity_Main_Grid
2019-12-28,112.48,Electricity_Main_Grid
2019-12-29,106.95,Electricity_Main_Grid
2019-12-30,109.84,Electricity_Main_Grid
2019-12-31,119.85,Electricity_Main_Grid
2020-01-01,122.07,Electricity_Main_Grid
2020-01-02,126.05,Electricity_Main_Grid
2020-01-03,124.38,Electricity_Main_Grid
2020-01-04,116.87,Electricity_Main_Grid
2020-01-05,106.03,Electricity_Main_Grid
2020-01-06,110.39,Electricity_Main_Grid
2020-01-07,117.45,Electricity_Main_Grid
2020-01-08,126.63,Electricity_Main_Grid
2020-01-09,128.83,Electricity_Main_Grid
2020-01-10,124.45,Electricity_Main_Grid
2020-01-11,114.57,Electricity_Main_Grid
2020-01-12,112.83,Electricity_Main_Grid
2020-01-13,111.33,Electricity_Main_Grid
2020-01-14,121.86,Electricity_Main_Grid
2020-01-15,126.55,Electricity_Main_Grid
2020-01-16,128.42,Electricity_Main_Grid
2020-01-17,122.22,Electricity_Main_Grid
2020-01-18,115.26,Electricity_Main_Grid
2020-01-19,108.69,Electricity_Main_Grid
2020-01-20,113.63,Electricity_Main_Grid
2020-01-21,116.36,Electricity_Main_Grid
2020-01-22,128.75,Electricity_Main_Grid
2020-01-23,129.94,Electricity_Main_Grid
2020-01-24,121.61,Electricity_Main_Grid
2020-01-25,116.9,Electricity_Main_Grid
2020-01-26,109.68,Electricity_Main_Grid
2020-01-27,109.64,Electricity_Main_Grid
2020-01-28,123.37,Electricity_Main_Grid
2020-01-29,128.63,Electricity_Main_Grid
2020-01-30,128.46,Electricity_Main_Grid
2020-01-31,125.19,Electricity_Main_Grid
2020-02-01,116.57,Electricity_Main_Grid
2020-02-02,110.28,Electricity_Main_Grid
2020-02-03,112.65,Electricity_Main_Grid
2020-02-04,120.44,Electricity_Main_Grid
2020-02-05,126.33,Electricity_Main_Grid
2020-02-06,130.41,Electricity_Main_Grid
2020-02-07,121.38,Electricity_Main_Grid
2020-02-08,113.51,Electricity_Main_Grid
2020-02-09,113.55,Electricity_Main_Grid
2020-02-10,113.87,Electricity_Main_Grid
2020-02-11,115.55,Electricity_Main_Grid
2020-02-12,125.76,Electricity_Main_Grid
2020-02-13,129.41,Electricity_Main_Grid
2020-02-14,127.72,Electricity_Main_Grid
2020-02-15,116.11,Electricity_Main_Grid
2020-02-16,107.99,Electricity_Main_Grid
2020-02-17,113.5,Electricity_Main_Grid
2020-02-18,119.67,Electricity_Main_Grid
2020-02-19,131.58,Electricity_Main_Grid
2020-02-20,129.34,Electricity_Main_Grid
2020-02-21,123.13,Electricity_Main_Grid
2020-02-22,118.34,Electricity_Main_Grid
2020-02-23,108.71,Electricity_Main_Grid
2020-02-24,116.37,Electricity_Main_Grid
2020-02-25,119.04,Electricity_Main_Grid
2020-02-26,127.08,Electricity_Main_Grid
2020-02-27,130.03,Electricity_Main_Grid
2020-02-28,124.91,Electricity_Main_Grid
2020-02-29,120.79,Electricity_Main_Grid
2020-03-01,110.19,Electricity_Main_Grid
2020-03-02,115.15,Electricity_Main_Grid
2020-03-03,121.82,Electricity_Main_Grid
2020-03-04,132.39,Electricity_Main_Grid
2020-03-05,131.21,Electricity_Main_Grid
2020-03-06,127.61,Electricity_Main_Grid
2020-03-07,116.8,Electricity_Main_Grid
2020-03-08,111.56,Electricity_Main_Grid
2020-03-09,118.35,Electricity_Main_Grid
2020-03-10,122.28,Electricity_Main_Grid
2020-03-11,128.77,Electricity_Main_Grid
2020-03-12,131.0,Electricity_Main_Grid
2020-03-13,124.14,Electricity_Main_Grid
2020-03-14,119.9,Electricity_Main_Grid
2020-03-15,111.93,Electricity_Main_Grid
2020-03-16,113.82,Electricity_Main_Grid
2020-03-17,119.91,Electricity_Main_Grid
2020-03-18,130.28,Electricity_Main_Grid
2020-03-19,133.58,Electricity_Main_Grid
2020-03-20,124.67,Electricity_Main_Grid
2020-03-21,119.79,Electricity_Main_Grid
2020-03-22,113.57,Electricity_Main_Grid
2020-03-23,117.27,Electricity_Main_Grid
2020-03-24,120.7,Electricity_Main_Grid
2020-03-25,129.06,Electricity_Main_Grid
2020-03-26,131.44,Electricity_Main_Grid
2020-03-27,127.14,Electricity_Main_Grid
2020-03-28,118.4,Electricity_Main_Grid
2020-03-29,113.54,Electricity_Main_Grid
2020-03-30,118.79,Electricity_Main_Grid
2020-03-31,122.64,Electricity_Main_Grid
2020-04-01,131.25,Electricity_Main_Grid
2020-04-02,133.89,Electricity_Main_Grid
2020-04-03,127.7,Electricity_Main_Grid
2020-04-04,116.49,Electricity_Main_Grid
2020-04-05,112.72,Electricity_Main_Grid
2020-04-06,115.91,Electricity_Main_Grid
2020-04-07,120.53,Electricity_Main_Grid
2020-04-08,128.57,Electricity_Main_Grid
2020-04-09,126.77,Electricity_Main_Grid
2020-04-10,129.54,Electricity_Main_Grid
2020-04-11,119.76,Electricity_Main_Grid
2020-04-12,116.9,Electricity_Main_Grid
2020-04-13,116.14,Electricity_Main_Grid
2020-04-14,122.03,Electricity_Main_Grid
2020-04-15,129.31,Electricity_Main_Grid
2020-04-16,132.55,Electricity_Main_Grid
2020-04-17,127.15,Electricity_Main_Grid
2020-04-18,119.85,Electricity_Main_Grid
2020-04-19,115.2,Electricity_Main_Grid
2020-04-20,113.24,Electricity_Main_Grid
2020-04-21,125.11,Electricity_Main_Grid
2020-04-22,133.22,Electricity_Main_Grid
2020-04-23,135.4,Electricity_Main_Grid
2020-04-24,128.88,Electricity_Main_Grid
2020-04-25,121.41,Electricity_Main_Grid
2020-04-26,111.32,Electricity_Main_Grid
2020-04-27,118.3,Electricity_Main_Grid
2020-04-28,125.62,Electricity_Main_Grid
2020-04-29,130.87,Electricity_Main_Grid
2020-04-30,134.04,Electricity_Main_Grid
2020-05-01,128.48,Electricity_Main_Grid
2020-05-02,122.34,Electricity_Main_Grid
2020-05-03,116.84,Electricity_Main_Grid
2020-05-04,115.76,Electricity_Main_Grid
2020-05-05,124.86,Electricity_Main_Grid
2020-05-06,130.31,Electricity_Main_Grid
2020-05-07,132.02,Electricity_Main_Grid
2020-05-08,128.01,Electricity_Main_Grid
2020-05-09,124.8,Electricity_Main_Grid
2020-05-10,110.57,Electricity_Main_Grid
2020-05-11,116.21,Electricity_Main_Grid
2020-05-12,122.0,Electricity_Main_Grid
2020-05-13,131.01,Electricity_Main_Grid
2020-05-14,134.36,Electricity_Main_Grid
2020-05-15,130.36,Electricity_Main_Grid
2020-05-16,120.14,Electricity_Main_Grid
2020-05-17,112.04,Electricity_Main_Grid
2020-05-18,114.26,Electricity_Main_Grid
2020-05-19,123.97,Electricity_Main_Grid
2020-05-20,133.14,Electricity_Main_Grid
2020-05-21,134.65,Electricity_Main_Grid
2020-05-22,127.44,Electricity_Main_Grid
2020-05-23,121.02,Electricity_Main_Grid
2020-05-24,116.68,Electricity_Main_Grid
2020-05-25,115.95,Electricity_Main_Grid
2020-05-26,127.33,Electricity_Main_Grid
2020-05-27,132.69,Electricity_Main_Grid
2020-05-28,136.23,Electricity_Main_Grid
2020-05-29,132.88,Electricity_Main_Grid
2020-05-30,122.47,Electricity_Main_Grid
2020-05-31,116.87,Electricity_Main_Grid
2020-06-01,117.94,Electricity_Main_Grid
2020-06-02,128.73,Electricity_Main_Grid
2020-06-03,132.6,Electricity_Main_Grid
2020-06-04,134.39,Electricity_Main_Grid
2020-06-05,130.38,Electricity_Main_Grid
2020-06-06,123.33,Electricity_Main_Grid
2020-06-07,116.21,Electricity_Main_Grid
2020-06-08,119.24,Electricity_Main_Grid
2020-06-09,123.29,Electricity_Main_Grid
2020-06-10,135.33,Electricity_Main_Grid
2020-06-11,137.01,Electricity_Main_Grid
2020-06-12,135.49,Electricity_Main_Grid
2020-06-13,125.25,Electricity_Main_Grid
2020-06-14,119.88,Electricity_Main_Grid
2020-06-15,122.31,Electricity_Main_Grid
2020-06-16,127.81,Electricity_Main_Grid
2020-06-17,134.93,Electricity_Main_Grid
2020-06-18,134.78,Electricity_Main_Grid
2020-06-19,131.48,Electricity_Main_Grid
2020-06-20,121.18,Electricity_Main_Grid
2020-06-21,121.69,Electricity_Main_Grid
2020-06-22,117.13,Electricity_Main_Grid
2020-06-23,125.06,Electricity_Main_Grid
2020-06-24,137.02,Electricity_Main_Grid
2020-06-25,137.08,Electricity_Main_Grid
2020-06-26,130.42,Electricity_Main_Grid
2020-06-27,126.6,Electricity_Main_Grid
2020-06-28,116.84,Electricity_Main_Grid
2020-06-29,117.53,Electricity_Main_Grid
2020-06-30,129.92,Electricity_Main_Grid
2020-07-01,134.51,Electricity_Main_Grid
2020-07-02,141.22,Electricity_Main_Grid
2020-07-03,128.74,Electricity_Main_Grid
2020-07-04,123.57,Electricity_Main_Grid
2020-07-05,114.4,Electricity_Main_Grid
2020-07-06,121.3,Electricity_Main_Grid
2020-07-07,131.06,Electricity_Main_Grid
2020-07-08,135.86,Electricity_Main_Grid
2020-07-09,142.78,Electricity_Main_Grid
2020-07-10,128.14,Electricity_Main_Grid
2020-07-11,126.67,Electricity_Main_Grid
2020-07-12,122.43,Electricity_Main_Grid
2020-07-13,118.96,Electricity_Main_Grid
2020-07-14,130.15,Electricity_Main_Grid
2020-07-15,133.62,Electricity_Main_Grid
2020-07-16,136.47,Electricity_Main_Grid
2020-07-17,129.94,Electricity_Main_Grid
2020-07-18,123.8,Electricity_Main_Grid
2020-07-19,120.84,Electricity_Main_Grid
2020-07-20,122.39,Electricity_Main_Grid
2020-07-21,127.79,Electricity_Main_Grid
2020-07-22,135.31,Electricity_Main_Grid
2020-07-23,137.56,Electricity_Main_Grid
2020-07-24,133.99,Electricity_Main_Grid
2020-07-25,125.46,Electricity_Main_Grid
2020-07-26,117.74,Electricity_Main_Grid
2020-07-27,128.75,Electricity_Main_Grid
2020-07-28,127.95,Electricity_Main_Grid
2020-07-29,134.24,Electricity_Main_Grid
2020-07-30,140.56,Electricity_Main_Grid
2020-07-31,137.25,Electricity_Main_Grid
2020-08-01,124.8,Electricity_Main_Grid
2020-08-02,119.18,Electricity_Main_Grid
2020-08-03,120.7,Electricity_Main_Grid
2020-08-04,128.71,Electricity_Main_Grid
2020-08-05,138.11,Electricity_Main_Grid
2020-08-06,136.97,Electricity_Main_Grid
2020-08-07,133.94,Electricity_Main_Grid
2020-08-08,124.03,Electricity_Main_Grid
2020-08-09,119.9,Electricity_Main_Grid
2020-08-10,119.38,Electricity_Main_Grid
2020-08-11,124.82,Electricity_Main_Grid
2020-08-12,136.84,Electricity_Main_Grid
2020-08-13,142.26,Electricity_Main_Grid
2020-08-14,130.73,Electricity_Main_Grid
2020-08-15,124.61,Electricity_Main_Grid
2020-08-16,119.11,Electricity_Main_Grid
2020-08-17,126.47,Electricity_Main_Grid
2020-08-18,127.11,Electricity_Main_Grid
2020-08-19,139.86,Electricity_Main_Grid
2020-08-20,139.38,Electricity_Main_Grid
2020-08-21,139.72,Electricity_Main_Grid
2020-08-22,127.88,Electricity_Main_Grid
2020-08-23,120.86,Electricity_Main_Grid
2020-08-24,123.74,Electricity_Main_Grid
2020-08-25,128.58,Electricity_Main_Grid
2020-08-26,135.84,Electricity_Main_Grid
2020-08-27,140.66,Electricity_Main_Grid
2020-08-28,133.42,Electricity_Main_Grid
2020-08-29,124.23,Electricity_Main_Grid
2020-08-30,122.98,Electricity_Main_Grid
2020-08-31,120.4,Electricity_Main_Grid
2020-09-01,129.11,Electricity_Main_Grid
2020-09-02,137.16,Electricity_Main_Grid
2020-09-03,143.9,Electricity_Main_Grid
2020-09-04,134.93,Electricity_Main_Grid
2020-09-05,126.27,Electricity_Main_Grid
2020-09-06,123.01,Electricity_Main_Grid
2020-09-07,122.42,Electricity_Main_Grid
2020-09-08,131.17,Electricity_Main_Grid
2020-09-09,141.96,Electricity_Main_Grid
2020-09-10,140.98,Electricity_Main_Grid
2020-09-11,131.44,Electricity_Main_Grid
2020-09-12,128.69,Electricity_Main_Grid
2020-09-13,121.8,Electricity_Main_Grid
2020-09-14,119.09,Electricity_Main_Grid
2020-09-15,132.56,Electricity_Main_Grid
2020-09-16,139.77,Electricity_Main_Grid
2020-09-17,142.37,Electricity_Main_Grid
2020-09-18,135.34,Electricity_Main_Grid
2020-09-19,129.5,Electricity_Main_Grid
2020-09-20,123.41,Electricity_Main_Grid
2020-09-21,121.51,Electricity_Main_Grid
2020-09-22,132.6,Electricity_Main_Grid
2020-09-23,136.89,Electricity_Main_Grid
2020-09-24,141.32,Electricity_Main_Grid
2020-09-25,131.36,Electricity_Main_Grid
2020-09-26,128.9,Electricity_Main_Grid
2020-09-27,120.89,Electricity_Main_Grid
2020-09-28,128.93,Electricity_Main_Grid
2020-09-29,133.21,Electricity_Main_Grid
2020-09-30,138.6,Electricity_Main_Grid
2020-10-01,140.44,Electricity_Main_Grid
2020-10-02,138.24,Electricity_Main_Grid
2020-10-03,129.47,Electricity_Main_Grid
2020-10-04,122.37,Electricity_Main_Grid
2020-10-05,125.88,Electricity_Main_Grid
2020-10-06,132.62,Electricity_Main_Grid
2020-10-07,135.67,Electricity_Main_Grid
2020-10-08,146.26,Electricity_Main_Grid
2020-10-09,136.4,Electricity_Main_Grid
2020-10-10,127.37,Electricity_Main_Grid
2020-10-11,120.91,Electricity_Main_Grid
2020-10-12,125.55,Electricity_Main_Grid
2020-10-13,130.19,Electricity_Main_Grid
2020-10-14,142.95,Electricity_Main_Grid
2020-10-15,142.27,Electricity_Main_Grid
2020-10-16,137.78,Electricity_Main_Grid
2020-10-17,129.96,Electricity_Main_Grid
2020-10-18,124.14,Electricity_Main_Grid
2020-10-19,123.15,Electricity_Main_Grid
2020-10-20,132.92,Electricity_Main_Grid
2020-10-21,143.86,Electricity_Main_Grid
2020-10-22,144.79,Electricity_Main_Grid
2020-10-23,137.23,Electricity_Main_Grid
2020-10-24,130.14,Electricity_Main_Grid
2020-10-25,123.38,Electricity_Main_Grid
2020-10-26,128.16,Electricity_Main_Grid
2020-10-27,131.38,Electricity_Main_Grid
2020-10-28,141.6,Electricity_Main_Grid
2020-10-29,141.36,Electricity_Main_Grid
2020-10-30,135.77,Electricity_Main_Grid
2020-10-31,129.71,Electricity_Main_Grid
2020-11-01,122.1,Electricity_Main_Grid
2020-11-02,127.22,Electricity_Main_Grid
2020-11-03,131.12,Electricity_Main_Grid
2020-11-04,142.23,Electricity_Main_Grid
2020-11-05,143.96,Electricity_Main_Grid
2020-11-06,134.39,Electricity_Main_Grid
2020-11-07,128.42,Electricity_Main_Grid
2020-11-08,125.63,Electricity_Main_Grid
2020-11-09,123.16,Electricity_Main_Grid
2020-11-10,135.37,Electricity_Main_Grid
2020-11-11,141.94,Electricity_Main_Grid
2020-11-12,144.68,Electricity_Main_Grid
2020-11-13,138.59,Electricity_Main_Grid
2020-11-14,127.65,Electricity_Main_Grid
2020-11-15,125.5,Electricity_Main_Grid
2020-11-16,126.06,Electricity_Main_Grid
2020-11-17,133.04,Electricity_Main_Grid
2020-11-18,143.74,Electricity_Main_Grid
2020-11-19,144.59,Electricity_Main_Grid
2020-11-20,138.38,Electricity_Main_Grid
2020-11-21,129.74,Electricity_Main_Grid
2020-11-22,121.65,Electricity_Main_Grid
2020-11-23,127.55,Electricity_Main_Grid
2020-11-24,133.99,Electricity_Main_Grid
2020-11-25,144.27,Electricity_Main_Grid
2020-11-26,147.1,Electricity_Main_Grid
2020-11-27,135.88,Electricity_Main_Grid
2020-11-28,129.92,Electricity_Main_Grid
2020-11-29,125.21,Electricity_Main_Grid
2020-11-30,127.15,Electricity_Main_Grid
2020-12-01,131.81,Electricity_Main_Grid
2020-12-02,144.81,Electricity_Main_Grid
2020-12-03,147.0,Electricity_Main_Grid
2020-12-04,140.69,Electricity_Main_Grid
2020-12-05,131.68,Electricity_Main_Grid
2020-12-06,126.56,Electricity_Main_Grid
2020-12-07,125.31,Electricity_Main_Grid
2020-12-08,134.65,Electricity_Main_Grid
2020-12-09,143.72,Electricity_Main_Grid
2020-12-10,144.11,Electricity_Main_Grid
2020-12-11,140.65,Electricity_Main_Grid
2020-12-12,130.19,Electricity_Main_Grid
2020-12-13,127.29,Electricity_Main_Grid
2020-12-14,128.65,Electricity_Main_Grid
2020-12-15,132.71,Electricity_Main_Grid
2020-12-16,144.24,Electricity_Main_Grid
2020-12-17,146.02,Electricity_Main_Grid
2020-12-18,137.62,Electricity_Main_Grid
2020-12-19,135.98,Electricity_Main_Grid
2020-12-20,127.99,Electricity_Main_Grid
2020-12-21,129.15,Electricity_Main_Grid
2020-12-22,135.88,Electricity_Main_Grid
2020-12-23,144.92,Electricity_Main_Grid
2020-12-24,144.79,Electricity_Main_Grid
2020-12-25,141.62,Electricity_Main_Grid
2020-12-26,132.35,Electricity_Main_Grid
2020-12-27,122.02,Electricity_Main_Grid
2020-12-28,126.81,Electricity_Main_Grid
2020-12-29,137.33,Electricity_Main_Grid
2020-12-30,143.42,Electricity_Main_Grid
2020-12-31,148.49,Electricity_Main_Grid
2021-01-01,143.41,Electricity_Main_Grid
2021-01-02,129.51,Electricity_Main_Grid
2021-01-03,126.14,Electricity_Main_Grid
2021-01-04,129.2,Electricity_Main_Grid
2021-01-05,136.23,Electricity_Main_Grid
2021-01-06,140.16,Electricity_Main_Grid
2021-01-07,146.07,Electricity_Main_Grid
2021-01-08,140.87,Electricity_Main_Grid
2021-01-09,129.84,Electricity_Main_Grid
2021-01-10,129.05,Electricity_Main_Grid
2021-01-11,128.73,Electricity_Main_Grid
2021-01-12,137.73,Electricity_Main_Grid
2021-01-13,141.96,Electricity_Main_Grid
2021-01-14,146.04,Electricity_Main_Grid
2021-01-15,139.64,Electricity_Main_Grid
2021-01-16,135.16,Electricity_Main_Grid
2021-01-17,128.27,Electricity_Main_Grid
2021-01-18,129.54,Electricity_Main_Grid
2021-01-19,137.54,Electricity_Main_Grid
2021-01-20,141.89,Electricity_Main_Grid
2021-01-21,144.63,Electricity_Main_Grid
2021-01-22,143.06,Electricity_Main_Grid
2021-01-23,134.76,Electricity_Main_Grid
2021-01-24,129.45,Electricity_Main_Grid
2021-01-25,129.55,Electricity_Main_Grid
2021-01-26,137.52,Electricity_Main_Grid
2021-01-27,145.05,Electricity_Main_Grid
2021-01-28,142.98,Electricity_Main_Grid
2021-01-29,141.76,Electricity_Main_Grid
2021-01-30,135.5,Electricity_Main_Grid
2021-01-31,130.83,Electricity_Main_Grid
2021-02-01,131.3,Electricity_Main_Grid
2021-02-02,143.26,Electricity_Main_Grid
2021-02-03,145.83,Electricity_Main_Grid
2021-02-04,145.48,Electricity_Main_Grid
2021-02-05,142.65,Electricity_Main_Grid
2021-02-06,129.27,Electricity_Main_Grid
2021-02-07,130.25,Electricity_Main_Grid
2021-02-08,129.68,Electricity_Main_Grid
2021-02-09,137.26,Electricity_Main_Grid
2021-02-10,147.73,Electricity_Main_Grid
2021-02-11,148.09,Electricity_Main_Grid
2021-02-12,144.73,Electricity_Main_Grid
2021-02-13,135.18,Electricity_Main_Grid
2021-02-14,131.81,Electricity_Main_Grid
2021-02-15,131.12,Electricity_Main_Grid
2021-02-16,135.54,Electricity_Main_Grid
2021-02-17,145.78,Electricity_Main_Grid
2021-02-18,145.21,Electricity_Main_Grid
2021-02-19,143.87,Electricity_Main_Grid
2021-02-20,135.89,Electricity_Main_Grid
2021-02-21,131.52,Electricity_Main_Grid
2021-02-22,130.24,Electricity_Main_Grid
2021-02-23,141.56,Electricity_Main_Grid
2021-02-24,150.3,Electricity_Main_Grid
2021-02-25,148.65,Electricity_Main_Grid
2021-02-26,140.8,Electricity_Main_Grid
2021-02-27,135.36,Electricity_Main_Grid
2021-02-28,134.25,Electricity_Main_Grid
2021-03-01,133.19,Electricity_Main_Grid
2021-03-02,139.93,Electricity_Main_Grid
2021-03-03,144.39,Electricity_Main_Grid
2021-03-04,146.89,Electricity_Main_Grid
2021-03-05,141.64,Electricity_Main_Grid
2021-03-06,135.98,Electricity_Main_Grid
2021-03-07,131.87,Electricity_Main_Grid
2021-03-08,132.32,Electricity_Main_Grid
2021-03-09,141.21,Electricity_Main_Grid
2021-03-10,146.0,Electricity_Main_Grid
2021-03-11,147.75,Electricity_Main_Grid
2021-03-12,145.42,Electricity_Main_Grid
2021-03-13,134.82,Electricity_Main_Grid
2021-03-14,131.49,Electricity_Main_Grid
2021-03-15,133.22,Electricity_Main_Grid
2021-03-16,137.07,Electricity_Main_Grid
2021-03-17,147.17,Electricity_Main_Grid
2021-03-18,149.99,Electricity_Main_Grid
2021-03-19,145.65,Electricity_Main_Grid
2021-03-20,135.53,Electricity_Main_Grid
2021-03-21,130.88,Electricity_Main_Grid
2021-03-22,129.35,Electricity_Main_Grid
2021-03-23,143.64,Electricity_Main_Grid
2021-03-24,144.78,Electricity_Main_Grid
2021-03-25,148.82,Electricity_Main_Grid
2021-03-26,144.85,Electricity_Main_Grid
2021-03-27,135.88,Electricity_Main_Grid
2021-03-28,132.22,Electricity_Main_Grid
2021-03-29,133.75,Electricity_Main_Grid
2021-03-30,139.24,Electricity_Main_Grid
2021-03-31,150.94,Electricity_Main_Grid
2021-04-01,152.8,Electricity_Main_Grid
2021-04-02,147.82,Electricity_Main_Grid
2021-04-03,138.81,Electricity_Main_Grid
2021-04-04,129.52,Electricity_Main_Grid
2021-04-05,132.17,Electricity_Main_Grid
2021-04-06,140.35,Electricity_Main_Grid
2021-04-07,149.69,Electricity_Main_Grid
2021-04-08,149.88,Electricity_Main_Grid
2021-04-09,145.83,Electricity_Main_Grid
2021-04-10,138.98,Electricity_Main_Grid
2021-04-11,132.64,Electricity_Main_Grid
2021-04-12,132.44,Electricity_Main_Grid
2021-04-13,146.55,Electricity_Main_Grid
2021-04-14,150.04,Electricity_Main_Grid
2021-04-15,151.9,Electricity_Main_Grid
2021-04-16,146.5,Electricity_Main_Grid
2021-04-17,136.93,Electricity_Main_Grid
2021-04-18,133.85,Electricity_Main_Grid
2021-04-19,132.22,Electricity_Main_Grid
2021-04-20,142.97,Electricity_Main_Grid
2021-04-21,152.62,Electricity_Main_Grid
2021-04-22,154.7,Electricity_Main_Grid
2021-04-23,146.31,Electricity_Main_Grid
2021-04-24,134.0,Electricity_Main_Grid
2021-04-25,129.84,Electricity_Main_Grid
2021-04-26,135.26,Electricity_Main_Grid
2021-04-27,144.23,Electricity_Main_Grid
2021-04-28,147.59,Electricity_Main_Grid
2021-04-29,154.98,Electricity_Main_Grid
2021-04-30,148.22,Electricity_Main_Grid
2021-05-01,138.75,Electricity_Main_Grid
2021-05-02,137.21,Electricity_Main_Grid
2021-05-03,134.0,Electricity_Main_Grid
2021-05-04,142.1,Electricity_Main_Grid
2021-05-05,150.51,Electricity_Main_Grid
2021-05-06,154.52,Electricity_Main_Grid
2021-05-07,149.1,Electricity_Main_Grid
2021-05-08,140.74,Electricity_Main_Grid
2021-05-09,134.63,Electricity_Main_Grid
2021-05-10,132.57,Electricity_Main_Grid
2021-05-11,139.68,Electricity_Main_Grid
2021-05-12,150.89,Electricity_Main_Grid
2021-05-13,152.44,Electricity_Main_Grid
2021-05-14,148.27,Electricity_Main_Grid
2021-05-15,139.06,Electricity_Main_Grid
2021-05-16,132.11,Electricity_Main_Grid
2021-05-17,136.39,Electricity_Main_Grid
2021-05-18,145.13,Electricity_Main_Grid
2021-05-19,148.85,Electricity_Main_Grid
2021-05-20,153.51,Electricity_Main_Grid
2021-05-21,152.23,Electricity_Main_Grid
2021-05-22,140.42,Electricity_Main_Grid
2021-05-23,134.31,Electricity_Main_Grid
2021-05-24,143.92,Electricity_Main_Grid
2021-05-25,146.91,Electricity_Main_Grid
2021-05-26,152.1,Electricity_Main_Grid
2021-05-27,156.55,Electricity_Main_Grid
2021-05-28,153.52,Electricity_Main_Grid
2021-05-29,139.42,Electricity_Main_Grid
2021-05-30,135.93,Electricity_Main_Grid
2021-05-31,137.89,Electricity_Main_Grid
2021-06-01,141.85,Electricity_Main_Grid
2021-06-02,150.61,Electricity_Main_Grid
2021-06-03,156.64,Electricity_Main_Grid
2021-06-04,147.59,Electricity_Main_Grid
2021-06-05,140.58,Electricity_Main_Grid
2021-06-06,132.04,Electricity_Main_Grid
2021-06-07,134.45,Electricity_Main_Grid
2021-06-08,143.21,Electricity_Main_Grid
2021-06-09,153.4,Electricity_Main_Grid
2021-06-10,154.75,Electricity_Main_Grid
2021-06-11,152.23,Electricity_Main_Grid
2021-06-12,140.07,Electricity_Main_Grid
2021-06-13,134.2,Electricity_Main_Grid
2021-06-14,135.59,Electricity_Main_Grid
2021-06-15,147.7,Electricity_Main_Grid
2021-06-16,152.43,Electricity_Main_Grid
2021-06-17,155.86,Electricity_Main_Grid
2021-06-18,153.27,Electricity_Main_Grid
2021-06-19,137.91,Electricity_Main_Grid
2021-06-20,136.88,Electricity_Main_Grid
2021-06-21,139.86,Electricity_Main_Grid
2021-06-22,144.89,Electricity_Main_Grid
2021-06-23,153.4,Electricity_Main_Grid
2021-06-24,151.62,Electricity_Main_Grid
2021-06-25,147.57,Electricity_Main_Grid
2021-06-26,139.23,Electricity_Main_Grid
2021-06-27,138.31,Electricity_Main_Grid
2021-06-28,136.85,Electricity_Main_Grid
2021-06-29,147.38,Electricity_Main_Grid
2021-06-30,156.96,Electricity_Main_Grid
2021-07-01,152.73,Electricity_Main_Grid
2021-07-02,150.13,Electricity_Main_Grid
2021-07-03,141.85,Electricity_Main_Grid
2021-07-04,136.02,Electricity_Main_Grid
2021-07-05,135.7,Electricity_Main_Grid
2021-07-06,148.64,Electricity_Main_Grid
2021-07-07,152.7,Electricity_Main_Grid
2021-07-08,156.43,Electricity_Main_Grid
2021-07-09,151.49,Electricity_Main_Grid
2021-07-10,144.67,Electricity_Main_Grid
2021-07-11,139.53,Electricity_Main_Grid
2021-07-12,136.52,Electricity_Main_Grid
2021-07-13,146.72,Electricity_Main_Grid
2021-07-14,152.23,Electricity_Main_Grid
2021-07-15,157.95,Electricity_Main_Grid
2021-07-16,149.67,Electricity_Main_Grid
2021-07-17,144.6,Electricity_Main_Grid
2021-07-18,136.42,Electricity_Main_Grid
2021-07-19,143.01,Electricity_Main_Grid
2021-07-20,145.81,Electricity_Main_Grid
2021-07-21,152.82,Electricity_Main_Grid
2021-07-22,157.82,Electricity_Main_Grid
2021-07-23,150.82,Electricity_Main_Grid
2021-07-24,140.82,Electricity_Main_Grid
2021-07-25,136.64,Electricity_Main_Grid
2021-07-26,138.16,Electricity_Main_Grid
2021-07-27,147.76,Electricity_Main_Grid
2021-07-28,155.86,Electricity_Main_Grid
2021-07-29,155.8,Electricity_Main_Grid
2021-07-30,148.6,Electricity_Main_Grid
2021-07-31,142.31,Electricity_Main_Grid
2021-08-01,140.03,Electricity_Main_Grid
2021-08-02,135.08,Electricity_Main_Grid
2021-08-03,148.12,Electricity_Main_Grid
2021-08-04,153.71,Electricity_Main_Grid
2021-08-05,156.26,Electricity_Main_Grid
2021-08-06,148.57,Electricity_Main_Grid
2021-08-07,147.41,Electricity_Main_Grid
2021-08-08,138.11,Electricity_Main_Grid
2021-08-09,141.87,Electricity_Main_Grid
2021-08-10,148.05,Electricity_Main_Grid
2021-08-11,155.99,Electricity_Main_Grid
2021-08-12,156.65,Electricity_Main_Grid
2021-08-13,152.05,Electricity_Main_Grid
2021-08-14,144.93,Electricity_Main_Grid
2021-08-15,139.97,Electricity_Main_Grid
2021-08-16,139.32,Electricity_Main_Grid
2021-08-17,145.7,Electricity_Main_Grid
2021-08-18,152.93,Electricity_Main_Grid
2021-08-19,154.28,Electricity_Main_Grid
2021-08-20,153.05,Electricity_Main_Grid
2021-08-21,144.79,Electricity_Main_Grid
2021-08-22,138.86,Electricity_Main_Grid
2021-08-23,139.38,Electricity_Main_Grid
2021-08-24,149.27,Electricity_Main_Grid
2021-08-25,156.4,Electricity_Main_Grid
2021-08-26,158.89,Electricity_Main_Grid
2021-08-27,151.35,Electricity_Main_Grid
2021-08-28,145.96,Electricity_Main_Grid
2021-08-29,140.6,Electricity_Main_Grid
2021-08-30,139.81,Electricity_Main_Grid
2021-08-31,148.37,Electricity_Main_Grid
2021-09-01,154.25,Electricity_Main_Grid
2021-09-02,158.6,Electricity_Main_Grid
2021-09-03,150.67,Electricity_Main_Grid
2021-09-04,146.22,Electricity_Main_Grid
2021-09-05,140.15,Electricity_Main_Grid
2021-09-06,143.07,Electricity_Main_Grid
2021-09-07,150.94,Electricity_Main_Grid
2021-09-08,157.12,Electricity_Main_Grid
2021-09-09,155.6,Electricity_Main_Grid
2021-09-10,155.66,Electricity_Main_Grid
2021-09-11,148.05,Electricity_Main_Grid
2021-09-12,141.86,Electricity_Main_Grid
2021-09-13,145.5,Electricity_Main_Grid
2021-09-14,152.25,Electricity_Main_Grid
2021-09-15,156.55,Electricity_Main_Grid
2021-09-16,157.96,Electricity_Main_Grid
2021-09-17,153.57,Electricity_Main_Grid
2021-09-18,147.05,Electricity_Main_Grid
2021-09-19,139.21,Electricity_Main_Grid
2021-09-20,142.67,Electricity_Main_Grid
2021-09-21,151.59,Electricity_Main_Grid
2021-09-22,161.15,Electricity_Main_Grid
2021-09-23,160.06,Electricity_Main_Grid
2021-09-24,151.79,Electricity_Main_Grid
2021-09-25,143.82,Electricity_Main_Grid
2021-09-26,140.0,Electricity_Main_Grid
2021-09-27,141.11,Electricity_Main_Grid
2021-09-28,151.81,Electricity_Main_Grid
2021-09-29,156.48,Electricity_Main_Grid
2021-09-30,159.28,Electricity_Main_Grid
2021-10-01,152.62,Electricity_Main_Grid
2021-10-02,142.25,Electricity_Main_Grid
2021-10-03,140.89,Electricity_Main_Grid
2021-10-04,145.03,Electricity_Main_Grid
2021-10-05,148.75,Electricity_Main_Grid
2021-10-06,157.98,Electricity_Main_Grid
2021-10-07,159.19,Electricity_Main_Grid
2021-10-08,158.07,Electricity_Main_Grid
2021-10-09,145.14,Electricity_Main_Grid
2021-10-10,141.42,Electricity_Main_Grid
2021-10-11,138.76,Electricity_Main_Grid
2021-10-12,149.12,Electricity_Main_Grid
2021-10-13,159.34,Electricity_Main_Grid
2021-10-14,161.56,Electricity_Main_Grid
2021-10-15,157.74,Electricity_Main_Grid
2021-10-16,146.0,Electricity_Main_Grid
2021-10-17,142.2,Electricity_Main_Grid
2021-10-18,140.41,Electricity_Main_Grid
2021-10-19,152.96,Electricity_Main_Grid
2021-10-20,156.5,Electricity_Main_Grid
2021-10-21,161.36,Electricity_Main_Grid
2021-10-22,155.37,Electricity_Main_Grid
2021-10-23,149.06,Electricity_Main_Grid
2021-10-24,147.18,Electricity_Main_Grid
2021-10-25,143.09,Electricity_Main_Grid
2021-10-26,147.66,Electricity_Main_Grid
2021-10-27,159.99,Electricity_Main_Grid
2021-10-28,159.86,Electricity_Main_Grid
2021-10-29,157.57,Electricity_Main_Grid
2021-10-30,150.82,Electricity_Main_Grid
2021-10-31,141.38,Electricity_Main_Grid
2021-11-01,141.07,Electricity_Main_Grid
2021-11-02,155.4,Electricity_Main_Grid
2021-11-03,157.25,Electricity_Main_Grid
2021-11-04,162.49,Electricity_Main_Grid
2021-11-05,155.36,Electricity_Main_Grid
2021-11-06,149.55,Electricity_Main_Grid
2021-11-07,141.39,Electricity_Main_Grid
2021-11-08,144.17,Electricity_Main_Grid
2021-11-09,152.45,Electricity_Main_Grid
2021-11-10,160.27,Electricity_Main_Grid
2021-11-11,163.29,Electricity_Main_Grid
2021-11-12,159.83,Electricity_Main_Grid
2021-11-13,148.87,Electricity_Main_Grid
2021-11-14,144.28,Electricity_Main_Grid
2021-11-15,147.98,Electricity_Main_Grid
2021-11-16,154.75,Electricity_Main_Grid
2021-11-17,162.99,Electricity_Main_Grid
2021-11-18,159.77,Electricity_Main_Grid
2021-11-19,156.7,Electricity_Main_Grid
2021-11-20,147.47,Electricity_Main_Grid
2021-11-21,146.24,Electricity_Main_Grid
2021-11-22,146.19,Electricity_Main_Grid
2021-11-23,155.94,Electricity_Main_Grid
2021-11-24,160.56,Electricity_Main_Grid
2021-11-25,165.28,Electricity_Main_Grid
2021-11-26,159.71,Electricity_Main_Grid
2021-11-27,148.6,Electricity_Main_Grid
2021-11-28,144.5,Electricity_Main_Grid
2021-11-29,147.02,Electricity_Main_Grid
2021-11-30,156.47,Electricity_Main_Grid
2021-12-01,161.94,Electricity_Main_Grid
2021-12-02,161.52,Electricity_Main_Grid
2021-12-03,158.8,Electricity_Main_Grid
2021-12-04,151.08,Electricity_Main_Grid
2021-12-05,140.15,Electricity_Main_Grid
2021-12-06,144.7,Electricity_Main_Grid
2021-12-07,152.19,Electricity_Main_Grid
2021-12-08,159.6,Electricity_Main_Grid
2021-12-09,160.33,Electricity_Main_Grid
2021-12-10,158.28,Electricity_Main_Grid
2021-12-11,152.08,Electricity_Main_Grid
2021-12-12,142.07,Electricity_Main_Grid
2021-12-13,147.06,Electricity_Main_Grid
2021-12-14,153.79,Electricity_Main_Grid
2021-12-15,162.75,Electricity_Main_Grid
2021-12-16,161.48,Electricity_Main_Grid
2021-12-17,160.47,Electricity_Main_Grid
2021-12-18,151.87,Electricity_Main_Grid
2021-12-19,144.73,Electricity_Main_Grid
2021-12-20,144.34,Electricity_Main_Grid
2021-12-21,154.33,Electricity_Main_Grid
2021-12-22,162.99,Electricity_Main_Grid
2021-12-23,162.09,Electricity_Main_Grid
2021-12-24,156.39,Electricity_Main_Grid
2021-12-25,151.91,Electricity_Main_Grid
2021-12-26,145.17,Electricity_Main_Grid
2021-12-27,149.88,Electricity_Main_Grid
2021-12-28,152.62,Electricity_Main_Grid
2021-12-29,163.29,Electricity_Main_Grid
2021-12-30,164.84,Electricity_Main_Grid
2021-12-31,155.87,Electricity_Main_Grid
2022-01-01,152.43,Electricity_Main_Grid
2022-01-02,145.45,Electricity_Main_Grid
2022-01-03,144.56,Electricity_Main_Grid
2022-01-04,154.06,Electricity_Main_Grid
2022-01-05,165.85,Electricity_Main_Grid
2022-01-06,164.54,Electricity_Main_Grid
2022-01-07,159.95,Electricity_Main_Grid
2022-01-08,149.2,Electricity_Main_Grid
2022-01-09,142.28,Electricity_Main_Grid
2022-01-10,147.19,Electricity_Main_Grid
2022-01-11,154.64,Electricity_Main_Grid
2022-01-12,160.26,Electricity_Main_Grid
2022-01-13,163.75,Electricity_Main_Grid
2022-01-14,159.26,Electricity_Main_Grid
2022-01-15,148.57,Electricity_Main_Grid
2022-01-16,144.72,Electricity_Main_Grid
2022-01-17,145.27,Electricity_Main_Grid
2022-01-18,154.0,Electricity_Main_Grid
2022-01-19,159.94,Electricity_Main_Grid
2022-01-20,164.9,Electricity_Main_Grid
2022-01-21,159.48,Electricity_Main_Grid
2022-01-22,154.16,Electricity_Main_Grid
2022-01-23,144.99,Electricity_Main_Grid
2022-01-24,150.92,Electricity_Main_Grid
2022-01-25,156.2,Electricity_Main_Grid
2022-01-26,162.23,Electricity_Main_Grid
2022-01-27,165.47,Electricity_Main_Grid
2022-01-28,160.06,Electricity_Main_Grid
2022-01-29,152.02,Electricity_Main_Grid
2022-01-30,145.92,Electricity_Main_Grid
2022-01-31,149.35,Electricity_Main_Grid
2022-02-01,158.34,Electricity_Main_Grid
2022-02-02,164.64,Electricity_Main_Grid
2022-02-03,164.33,Electricity_Main_Grid
2022-02-04,163.47,Electricity_Main_Grid
2022-02-05,152.97,Electricity_Main_Grid
2022-02-06,144.8,Electricity_Main_Grid
2022-02-07,146.56,Electricity_Main_Grid
2022-02-08,155.66,Electricity_Main_Grid
2022-02-09,166.6,Electricity_Main_Grid
2022-02-10,164.94,Electricity_Main_Grid
2022-02-11,162.33,Electricity_Main_Grid
2022-02-12,158.06,Electricity_Main_Grid
2022-02-13,146.21,Electricity_Main_Grid
2022-02-14,149.05,Electricity_Main_Grid
2022-02-15,158.94,Electricity_Main_Grid
2022-02-16,164.72,Electricity_Main_Grid
2022-02-17,166.84,Electricity_Main_Grid
2022-02-18,162.75,Electricity_Main_Grid
2022-02-19,152.9,Electricity_Main_Grid
2022-02-20,147.54,Electricity_Main_Grid
2022-02-21,152.0,Electricity_Main_Grid
2022-02-22,155.37,Electricity_Main_Grid
2022-02-23,166.68,Electricity_Main_Grid
2022-02-24,167.82,Electricity_Main_Grid
2022-02-25,163.85,Electricity_Main_Grid
2022-02-26,150.34,Electricity_Main_Grid
2022-02-27,148.56,Electricity_Main_Grid
2022-02-28,145.82,Electricity_Main_Grid
2022-03-01,154.7,Electricity_Main_Grid
2022-03-02,163.51,Electricity_Main_Grid
2022-03-03,170.54,Electricity_Main_Grid
2022-03-04,160.22,Electricity_Main_Grid
2022-03-05,154.27,Electricity_Main_Grid
2022-03-06,149.69,Electricity_Main_Grid
2022-03-07,151.07,Electricity_Main_Grid
2022-03-08,155.7,Electricity_Main_Grid
2022-03-09,165.4,Electricity_Main_Grid
2022-03-10,174.89,Electricity_Main_Grid
2022-03-11,162.51,Electricity_Main_Grid
2022-03-12,154.39,Electricity_Main_Grid
2022-03-13,150.14,Electricity_Main_Grid
2022-03-14,145.17,Electricity_Main_Grid
2022-03-15,162.27,Electricity_Main_Grid
2022-03-16,164.58,Electricity_Main_Grid
2022-03-17,167.94,Electricity_Main_Grid
2022-03-18,164.26,Electricity_Main_Grid
2022-03-19,153.16,Electricity_Main_Grid
2022-03-20,152.32,Electricity_Main_Grid
2022-03-21,147.49,Electricity_Main_Grid
2022-03-22,160.65,Electricity_Main_Grid
2022-03-23,168.04,Electricity_Main_Grid
2022-03-24,166.72,Electricity_Main_Grid
2022-03-25,162.24,Electricity_Main_Grid
2022-03-26,153.14,Electricity_Main_Grid
2022-03-27,147.06,Electricity_Main_Grid
2022-03-28,152.57,Electricity_Main_Grid
2022-03-29,160.18,Electricity_Main_Grid
2022-03-30,167.42,Electricity_Main_Grid
2022-03-31,172.45,Electricity_Main_Grid
2022-04-01,161.62,Electricity_Main_Grid
2022-04-02,156.18,Electricity_Main_Grid
2022-04-03,152.66,Electricity_Main_Grid
2022-04-04,150.1,Electricity_Main_Grid
2022-04-05,161.07,Electricity_Main_Grid
2022-04-06,166.35,Electricity_Main_Grid
2022-04-07,164.81,Electricity_Main_Grid
2022-04-08,160.62,Electricity_Main_Grid
2022-04-09,153.8,Electricity_Main_Grid
2022-04-10,146.75,Electricity_Main_Grid
2022-04-11,151.91,Electricity_Main_Grid
2022-04-12,159.17,Electricity_Main_Grid
2022-04-13,170.31,Electricity_Main_Grid
2022-04-14,168.22,Electricity_Main_Grid
2022-04-15,165.14,Electricity_Main_Grid
2022-04-16,153.83,Electricity_Main_Grid
2022-04-17,149.21,Electricity_Main_Grid
2022-04-18,151.93,Electricity_Main_Grid
2022-04-19,165.19,Electricity_Main_Grid
2022-04-20,166.83,Electricity_Main_Grid
2022-04-21,170.15,Electricity_Main_Grid
2022-04-22,164.63,Electricity_Main_Grid
2022-04-23,155.79,Electricity_Main_Grid
2022-04-24,151.11,Electricity_Main_Grid
2022-04-25,151.36,Electricity_Main_Grid
2022-04-26,160.03,Electricity_Main_Grid
2022-04-27,171.72,Electricity_Main_Grid
2022-04-28,172.32,Electricity_Main_Grid
2022-04-29,166.33,Electricity_Main_Grid
2022-04-30,156.84,Electricity_Main_Grid
2022-05-01,148.21,Electricity_Main_Grid
2022-05-02,154.01,Electricity_Main_Grid
2022-05-03,163.53,Electricity_Main_Grid
2022-05-04,172.0,Electricity_Main_Grid
2022-05-05,172.01,Electricity_Main_Grid
2022-05-06,166.5,Electricity_Main_Grid
2022-05-07,157.91,Electricity_Main_Grid
2022-05-08,149.06,Electricity_Main_Grid
2022-05-09,150.59,Electricity_Main_Grid
2022-05-10,160.01,Electricity_Main_Grid
2022-05-11,170.14,Electricity_Main_Grid
2022-05-12,168.9,Electricity_Main_Grid
2022-05-13,168.98,Electricity_Main_Grid
2022-05-14,156.0,Electricity_Main_Grid
2022-05-15,153.08,Electricity_Main_Grid
2022-05-16,155.89,Electricity_Main_Grid
2022-05-17,160.37,Electricity_Main_Grid
2022-05-18,170.87,Electricity_Main_Grid
2022-05-19,172.53,Electricity_Main_Grid
2022-05-20,163.69,Electricity_Main_Grid
2022-05-21,158.91,Electricity_Main_Grid
2022-05-22,153.12,Electricity_Main_Grid
2022-05-23,150.62,Electricity_Main_Grid
2022-05-24,162.19,Electricity_Main_Grid
2022-05-25,166.82,Electricity_Main_Grid
2022-05-26,172.03,Electricity_Main_Grid
2022-05-27,164.94,Electricity_Main_Grid
2022-05-28,156.18,Electricity_Main_Grid
2022-05-29,151.56,Electricity_Main_Grid
2022-05-30,154.78,Electricity_Main_Grid
2022-05-31,161.94,Electricity_Main_Grid
2022-06-01,170.7,Electricity_Main_Grid
2022-06-02,171.86,Electricity_Main_Grid
2022-06-03,165.63,Electricity_Main_Grid
2022-06-04,161.89,Electricity_Main_Grid
2022-06-05,153.64,Electricity_Main_Grid
2022-06-06,152.62,Electricity_Main_Grid
2022-06-07,161.24,Electricity_Main_Grid
2022-06-08,171.95,Electricity_Main_Grid
2022-06-09,176.98,Electricity_Main_Grid
2022-06-10,169.22,Electricity_Main_Grid
2022-06-11,158.13,Electricity_Main_Grid
2022-06-12,150.87,Electricity_Main_Grid
2022-06-13,154.37,Electricity_Main_Grid
2022-06-14,159.68,Electricity_Main_Grid
2022-06-15,168.9,Electricity_Main_Grid
2022-06-16,173.14,Electricity_Main_Grid
2022-06-17,169.52,Electricity_Main_Grid
2022-06-18,162.65,Electricity_Main_Grid
2022-06-19,153.53,Electricity_Main_Grid
2022-06-20,155.01,Electricity_Main_Grid
2022-06-21,160.78,Electricity_Main_Grid
2022-06-22,169.06,Electricity_Main_Grid
2022-06-23,171.9,Electricity_Main_Grid
2022-06-24,170.88,Electricity_Main_Grid
2022-06-25,158.34,Electricity_Main_Grid
2022-06-26,157.37,Electricity_Main_Grid
2022-06-27,157.38,Electricity_Main_Grid
2022-06-28,166.92,Electricity_Main_Grid
2022-06-29,171.17,Electricity_Main_Grid
2022-06-30,173.98,Electricity_Main_Grid
2022-07-01,171.99,Electricity_Main_Grid
2022-07-02,161.34,Electricity_Main_Grid
2022-07-03,155.27,Electricity_Main_Grid
2022-07-04,159.68,Electricity_Main_Grid
2022-07-05,165.33,Electricity_Main_Grid
2022-07-06,174.63,Electricity_Main_Grid
2022-07-07,169.16,Electricity_Main_Grid
2022-07-08,166.0,Electricity_Main_Grid
2022-07-09,158.72,Electricity_Main_Grid
2022-07-10,154.33,Electricity_Main_Grid
2022-07-11,160.42,Electricity_Main_Grid
2022-07-12,165.49,Electricity_Main_Grid
2022-07-13,173.41,Electricity_Main_Grid
2022-07-14,173.43,Electricity_Main_Grid
2022-07-15,169.18,Electricity_Main_Grid
2022-07-16,161.65,Electricity_Main_Grid
2022-07-17,152.46,Electricity_Main_Grid
2022-07-18,156.5,Electricity_Main_Grid
2022-07-19,166.89,Electricity_Main_Grid
2022-07-20,173.74,Electricity_Main_Grid
2022-07-21,173.68,Electricity_Main_Grid
2022-07-22,173.14,Electricity_Main_Grid
2022-07-23,160.66,Electricity_Main_Grid
2022-07-24,155.14,Electricity_Main_Grid
2022-07-25,155.33,Electricity_Main_Grid
2022-07-26,162.99,Electricity_Main_Grid
2022-07-27,172.53,Electricity_Main_Grid
2022-07-28,175.61,Electricity_Main_Grid
2022-07-29,167.1,Electricity_Main_Grid
2022-07-30,155.39,Electricity_Main_Grid
2022-07-31,154.84,Electricity_Main_Grid
2022-08-01,156.08,Electricity_Main_Grid
2022-08-02,162.32,Electricity_Main_Grid
2022-08-03,171.32,Electricity_Main_Grid
2022-08-04,178.36,Electricity_Main_Grid
2022-08-05,171.7,Electricity_Main_Grid
2022-08-06,155.86,Electricity_Main_Grid
2022-08-07,157.53,Electricity_Main_Grid
2022-08-08,157.74,Electricity_Main_Grid
2022-08-09,164.96,Electricity_Main_Grid
2022-08-10,171.53,Electricity_Main_Grid
2022-08-11,176.24,Electricity_Main_Grid
2022-08-12,170.14,Electricity_Main_Grid
2022-08-13,165.42,Electricity_Main_Grid
2022-08-14,156.24,Electricity_Main_Grid
2022-08-15,159.15,Electricity_Main_Grid
2022-08-16,168.73,Electricity_Main_Grid
2022-08-17,172.88,Electricity_Main_Grid
2022-08-18,177.84,Electricity_Main_Grid
2022-08-19,170.8,Electricity_Main_Grid
2022-08-20,165.35,Electricity_Main_Grid
2022-08-21,158.4,Electricity_Main_Grid
2022-08-22,156.84,Electricity_Main_Grid
2022-08-23,166.44,Electricity_Main_Grid
2022-08-24,174.72,Electricity_Main_Grid
2022-08-25,173.86,Electricity_Main_Grid
2022-08-26,173.79,Electricity_Main_Grid
2022-08-27,162.14,Electricity_Main_Grid
2022-08-28,156.22,Electricity_Main_Grid
2022-08-29,160.85,Electricity_Main_Grid
2022-08-30,173.37,Electricity_Main_Grid
2022-08-31,175.22,Electricity_Main_Grid
2022-09-01,176.82,Electricity_Main_Grid
2022-09-02,169.98,Electricity_Main_Grid
2022-09-03,161.26,Electricity_Main_Grid
2022-09-04,156.74,Electricity_Main_Grid
2022-09-05,160.47,Electricity_Main_Grid
2022-09-06,164.76,Electricity_Main_Grid
2022-09-07,176.87,Electricity_Main_Grid
2022-09-08,176.59,Electricity_Main_Grid
2022-09-09,171.56,Electricity_Main_Grid
2022-09-10,164.06,Electricity_Main_Grid
2022-09-11,159.04,Electricity_Main_Grid
2022-09-12,158.79,Electricity_Main_Grid
2022-09-13,165.14,Electricity_Main_Grid
2022-09-14,178.06,Electricity_Main_Grid
2022-09-15,178.81,Electricity_Main_Grid
2022-09-16,172.58,Electricity_Main_Grid
2022-09-17,159.37,Electricity_Main_Grid
2022-09-18,156.72,Electricity_Main_Grid
2022-09-19,158.51,Electricity_Main_Grid
2022-09-20,164.27,Electricity_Main_Grid
2022-09-21,173.44,Electricity_Main_Grid
2022-09-22,175.42,Electricity_Main_Grid
2022-09-23,169.92,Electricity_Main_Grid
2022-09-24,164.2,Electricity_Main_Grid
2022-09-25,161.29,Electricity_Main_Grid
2022-09-26,159.71,Electricity_Main_Grid
2022-09-27,165.64,Electricity_Main_Grid
2022-09-28,176.7,Electricity_Main_Grid
2022-09-29,177.1,Electricity_Main_Grid
2022-09-30,171.22,Electricity_Main_Grid
2022-10-01,165.84,Electricity_Main_Grid
2022-10-02,159.1,Electricity_Main_Grid
2022-10-03,161.25,Electricity_Main_Grid
2022-10-04,172.08,Electricity_Main_Grid
2022-10-05,174.26,Electricity_Main_Grid
2022-10-06,176.6,Electricity_Main_Grid
2022-10-07,171.27,Electricity_Main_Grid
2022-10-08,163.03,Electricity_Main_Grid
2022-10-09,160.18,Electricity_Main_Grid
2022-10-10,158.05,Electricity_Main_Grid
2022-10-11,168.52,Electricity_Main_Grid
2022-10-12,176.94,Electricity_Main_Grid
2022-10-13,178.04,Electricity_Main_Grid
2022-10-14,173.75,Electricity_Main_Grid
2022-10-15,165.26,Electricity_Main_Grid
2022-10-16,157.05,Electricity_Main_Grid
2022-10-17,157.56,Electricity_Main_Grid
2022-10-18,167.82,Electricity_Main_Grid
2022-10-19,177.83,Electricity_Main_Grid
2022-10-20,176.18,Electricity_Main_Grid
2022-10-21,174.31,Electricity_Main_Grid
2022-10-22,162.72,Electricity_Main_Grid
2022-10-23,160.75,Electricity_Main_Grid
2022-10-24,161.34,Electricity_Main_Grid
2022-10-25,172.9,Electricity_Main_Grid
2022-10-26,178.59,Electricity_Main_Grid
2022-10-27,176.92,Electricity_Main_Grid
2022-10-28,171.95,Electricity_Main_Grid
2022-10-29,170.38,Electricity_Main_Grid
2022-10-30,159.08,Electricity_Main_Grid
2022-10-31,158.41,Electricity_Main_Grid
2022-11-01,171.43,Electricity_Main_Grid
2022-11-02,174.69,Electricity_Main_Grid
2022-11-03,178.59,Electricity_Main_Grid
2022-11-04,170.88,Electricity_Main_Grid
2022-11-05,167.77,Electricity_Main_Grid
2022-11-06,158.24,Electricity_Main_Grid
2022-11-07,162.17,Electricity_Main_Grid
2022-11-08,169.09,Electricity_Main_Grid
2022-11-09,176.2,Electricity_Main_Grid
2022-11-10,181.65,Electricity_Main_Grid
2022-11-11,176.74,Electricity_Main_Grid
2022-11-12,166.66,Electricity_Main_Grid
2022-11-13,162.4,Electricity_Main_Grid
2022-11-14,165.51,Electricity_Main_Grid
2022-11-15,171.18,Electricity_Main_Grid
2022-11-16,182.12,Electricity_Main_Grid
2022-11-17,177.52,Electricity_Main_Grid
2022-11-18,177.08,Electricity_Main_Grid
2022-11-19,167.58,Electricity_Main_Grid
2022-11-20,159.81,Electricity_Main_Grid
2022-11-21,161.81,Electricity_Main_Grid
2022-11-22,172.84,Electricity_Main_Grid
2022-11-23,178.27,Electricity_Main_Grid
2022-11-24,183.2,Electricity_Main_Grid
2022-11-25,175.95,Electricity_Main_Grid
2022-11-26,167.4,Electricity_Main_Grid
2022-11-27,166.62,Electricity_Main_Grid
2022-11-28,160.04,Electricity_Main_Grid
2022-11-29,171.0,Electricity_Main_Grid
2022-11-30,179.13,Electricity_Main_Grid
2022-12-01,180.93,Electricity_Main_Grid
2022-12-02,173.62,Electricity_Main_Grid
2022-12-03,165.3,Electricity_Main_Grid
2022-12-04,163.89,Electricity_Main_Grid
2022-12-05,163.35,Electricity_Main_Grid
2022-12-06,170.99,Electricity_Main_Grid
2022-12-07,176.0,Electricity_Main_Grid
2022-12-08,180.79,Electricity_Main_Grid
2022-12-09,175.79,Electricity_Main_Grid
2022-12-10,166.21,Electricity_Main_Grid
2022-12-11,161.72,Electricity_Main_Grid
2022-12-12,164.51,Electricity_Main_Grid
2022-12-13,175.71,Electricity_Main_Grid
2022-12-14,178.68,Electricity_Main_Grid
2022-12-15,186.47,Electricity_Main_Grid
2022-12-16,174.07,Electricity_Main_Grid
2022-12-17,170.42,Electricity_Main_Grid
2022-12-18,160.17,Electricity_Main_Grid
2022-12-19,162.17,Electricity_Main_Grid
2022-12-20,170.72,Electricity_Main_Grid
2022-12-21,175.91,Electricity_Main_Grid
2022-12-22,179.47,Electricity_Main_Grid
2022-12-23,177.92,Electricity_Main_Grid
2022-12-24,171.4,Electricity_Main_Grid
2022-12-25,162.04,Electricity_Main_Grid
2022-12-26,167.53,Electricity_Main_Grid
2022-12-27,174.49,Electricity_Main_Grid
2022-12-28,180.28,Electricity_Main_Grid
2022-12-29,186.41,Electricity_Main_Grid
2022-12-30,174.4,Electricity_Main_Grid
2022-12-31,168.98,Electricity_Main_Grid
2023-01-01,163.23,Electricity_Main_Grid
2023-01-02,165.48,Electricity_Main_Grid
2023-01-03,173.39,Electricity_Main_Grid
2023-01-04,181.32,Electricity_Main_Grid
2023-01-05,185.51,Electricity_Main_Grid
2023-01-06,175.09,Electricity_Main_Grid
2023-01-07,164.31,Electricity_Main_Grid
2023-01-08,166.18,Electricity_Main_Grid
2023-01-09,166.51,Electricity_Main_Grid
2023-01-10,175.06,Electricity_Main_Grid
2023-01-11,181.96,Electricity_Main_Grid
2023-01-12,184.93,Electricity_Main_Grid
2023-01-13,179.94,Electricity_Main_Grid
2023-01-14,168.78,Electricity_Main_Grid
2023-01-15,166.56,Electricity_Main_Grid
2023-01-16,166.79,Electricity_Main_Grid
2023-01-17,174.18,Electricity_Main_Grid
2023-01-18,181.3,Electricity_Main_Grid
2023-01-19,179.24,Electricity_Main_Grid
2023-01-20,176.13,Electricity_Main_Grid
2023-01-21,170.92,Electricity_Main_Grid
2023-01-22,165.67,Electricity_Main_Grid
2023-01-23,164.34,Electricity_Main_Grid
2023-01-24,172.93,Electricity_Main_Grid
2023-01-25,183.22,Electricity_Main_Grid
2023-01-26,185.92,Electricity_Main_Grid
2023-01-27,176.03,Electricity_Main_Grid
2023-01-28,174.95,Electricity_Main_Grid
2023-01-29,164.5,Electricity_Main_Grid
2023-01-30,171.36,Electricity_Main_Grid
2023-01-31,174.46,Electricity_Main_Grid
2023-02-01,179.82,Electricity_Main_Grid
2023-02-02,183.69,Electricity_Main_Grid
2023-02-03,172.75,Electricity_Main_Grid
2023-02-04,166.26,Electricity_Main_Grid
2023-02-05,160.66,Electricity_Main_Grid
2023-02-06,169.88,Electricity_Main_Grid
2023-02-07,174.19,Electricity_Main_Grid
2023-02-08,181.03,Electricity_Main_Grid
2023-02-09,181.17,Electricity_Main_Grid
2023-02-10,177.36,Electricity_Main_Grid
2023-02-11,170.64,Electricity_Main_Grid
2023-02-12,165.16,Electricity_Main_Grid
2023-02-13,169.14,Electricity_Main_Grid
2023-02-14,176.23,Electricity_Main_Grid
2023-02-15,185.01,Electricity_Main_Grid
2023-02-16,187.4,Electricity_Main_Grid
2023-02-17,181.87,Electricity_Main_Grid
2023-02-18,166.61,Electricity_Main_Grid
2023-02-19,168.14,Electricity_Main_Grid
2023-02-20,166.96,Electricity_Main_Grid
2023-02-21,175.8,Electricity_Main_Grid
2023-02-22,183.3,Electricity_Main_Grid
2023-02-23,183.85,Electricity_Main_Grid
2023-02-24,181.36,Electricity_Main_Grid
2023-02-25,174.37,Electricity_Main_Grid
2023-02-26,168.4,Electricity_Main_Grid
2023-02-27,170.47,Electricity_Main_Grid
2023-02-28,178.11,Electricity_Main_Grid
2023-03-01,184.93,Electricity_Main_Grid
2023-03-02,182.89,Electricity_Main_Grid
2023-03-03,179.65,Electricity_Main_Grid
2023-03-04,168.65,Electricity_Main_Grid
2023-03-05,166.61,Electricity_Main_Grid
2023-03-06,166.33,Electricity_Main_Grid
2023-03-07,174.38,Electricity_Main_Grid
2023-03-08,184.25,Electricity_Main_Grid
2023-03-09,184.17,Electricity_Main_Grid
2023-03-10,183.31,Electricity_Main_Grid
2023-03-11,173.78,Electricity_Main_Grid
2023-03-12,168.1,Electricity_Main_Grid
2023-03-13,169.04,Electricity_Main_Grid
2023-03-14,174.97,Electricity_Main_Grid
2023-03-15,186.01,Electricity_Main_Grid
2023-03-16,187.42,Electricity_Main_Grid
2023-03-17,182.2,Electricity_Main_Grid
2023-03-18,171.39,Electricity_Main_Grid
2023-03-19,169.18,Electricity_Main_Grid
2023-03-20,167.93,Electricity_Main_Grid
2023-03-21,174.82,Electricity_Main_Grid
2023-03-22,185.61,Electricity_Main_Grid
2023-03-23,187.59,Electricity_Main_Grid
2023-03-24,183.12,Electricity_Main_Grid
2023-03-25,174.73,Electricity_Main_Grid
2023-03-26,165.01,Electricity_Main_Grid
2023-03-27,167.0,Electricity_Main_Grid
2023-03-28,179.03,Electricity_Main_Grid
2023-03-29,185.02,Electricity_Main_Grid
2023-03-30,186.44,Electricity_Main_Grid
2023-03-31,180.95,Electricity_Main_Grid
2023-04-01,176.21,Electricity_Main_Grid
2023-04-02,166.43,Electricity_Main_Grid
2023-04-03,163.89,Electricity_Main_Grid
2023-04-04,179.92,Electricity_Main_Grid
2023-04-05,187.09,Electricity_Main_Grid
2023-04-06,190.09,Electricity_Main_Grid
2023-04-07,181.71,Electricity_Main_Grid
2023-04-08,170.72,Electricity_Main_Grid
2023-04-09,168.47,Electricity_Main_Grid
2023-04-10,170.52,Electricity_Main_Grid
2023-04-11,178.81,Electricity_Main_Grid
2023-04-12,188.86,Electricity_Main_Grid
2023-04-13,189.74,Electricity_Main_Grid
2023-04-14,182.89,Electricity_Main_Grid
2023-04-15,172.71,Electricity_Main_Grid
2023-04-16,166.93,Electricity_Main_Grid
2023-04-17,167.1,Electricity_Main_Grid
2023-04-18,175.97,Electricity_Main_Grid
2023-04-19,185.51,Electricity_Main_Grid
2023-04-20,187.28,Electricity_Main_Grid
2023-04-21,184.6,Electricity_Main_Grid
2023-04-22,170.46,Electricity_Main_Grid
2023-04-23,170.12,Electricity_Main_Grid
2023-04-24,173.66,Electricity_Main_Grid
2023-04-25,179.57,Electricity_Main_Grid
2023-04-26,185.73,Electricity_Main_Grid
2023-04-27,190.66,Electricity_Main_Grid
2023-04-28,182.67,Electricity_Main_Grid
2023-04-29,174.49,Electricity_Main_Grid
2023-04-30,170.79,Electricity_Main_Grid
2023-05-01,173.92,Electricity_Main_Grid
2023-05-02,178.99,Electricity_Main_Grid
2023-05-03,188.18,Electricity_Main_Grid
2023-05-04,188.29,Electricity_Main_Grid
2023-05-05,182.21,Electricity_Main_Grid
2023-05-06,172.69,Electricity_Main_Grid
2023-05-07,168.78,Electricity_Main_Grid
2023-05-08,168.75,Electricity_Main_Grid
2023-05-09,180.84,Electricity_Main_Grid
2023-05-10,188.96,Electricity_Main_Grid
2023-05-11,186.12,Electricity_Main_Grid
2023-05-12,183.69,Electricity_Main_Grid
2023-05-13,177.03,Electricity_Main_Grid
2023-05-14,168.6,Electricity_Main_Grid
2023-05-15,170.0,Electricity_Main_Grid
2023-05-16,181.94,Electricity_Main_Grid
2023-05-17,188.53,Electricity_Main_Grid
2023-05-18,191.92,Electricity_Main_Grid
2023-05-19,185.51,Electricity_Main_Grid
2023-05-20,174.89,Electricity_Main_Grid
2023-05-21,166.53,Electricity_Main_Grid
2023-05-22,171.74,Electricity_Main_Grid
2023-05-23,183.18,Electricity_Main_Grid
2023-05-24,188.21,Electricity_Main_Grid
2023-05-25,187.25,Electricity_Main_Grid
2023-05-26,184.68,Electricity_Main_Grid
2023-05-27,179.64,Electricity_Main_Grid
2023-05-28,171.63,Electricity_Main_Grid
2023-05-29,171.08,Electricity_Main_Grid
2023-05-30,184.65,Electricity_Main_Grid
2023-05-31,189.87,Electricity_Main_Grid
2023-06-01,188.31,Electricity_Main_Grid
2023-06-02,183.58,Electricity_Main_Grid
2023-06-03,175.67,Electricity_Main_Grid
2023-06-04,173.54,Electricity_Main_Grid
2023-06-05,170.76,Electricity_Main_Grid
2023-06-06,179.44,Electricity_Main_Grid
2023-06-07,188.15,Electricity_Main_Grid
2023-06-08,188.38,Electricity_Main_Grid
2023-06-09,184.12,Electricity_Main_Grid
2023-06-10,177.26,Electricity_Main_Grid
2023-06-11,173.76,Electricity_Main_Grid
2023-06-12,173.23,Electricity_Main_Grid
2023-06-13,178.63,Electricity_Main_Grid
2023-06-14,191.53,Electricity_Main_Grid
2023-06-15,193.48,Electricity_Main_Grid
2023-06-16,185.73,Electricity_Main_Grid
2023-06-17,179.64,Electricity_Main_Grid
2023-06-18,170.71,Electricity_Main_Grid
2023-06-19,176.76,Electricity_Main_Grid
2023-06-20,181.4,Electricity_Main_Grid
2023-06-21,191.23,Electricity_Main_Grid
2023-06-22,190.26,Electricity_Main_Grid
2023-06-23,184.94,Electricity_Main_Grid
2023-06-24,179.13,Electricity_Main_Grid
2023-06-25,170.92,Electricity_Main_Grid
2023-06-26,175.06,Electricity_Main_Grid
2023-06-27,176.72,Electricity_Main_Grid
2023-06-28,189.35,Electricity_Main_Grid
2023-06-29,191.66,Electricity_Main_Grid
2023-06-30,189.07,Electricity_Main_Grid
2023-07-01,177.28,Electricity_Main_Grid
2023-07-02,169.45,Electricity_Main_Grid
2023-07-03,172.66,Electricity_Main_Grid
2023-07-04,185.4,Electricity_Main_Grid
2023-07-05,189.96,Electricity_Main_Grid
2023-07-06,192.41,Electricity_Main_Grid
2023-07-07,189.2,Electricity_Main_Grid
2023-07-08,179.27,Electricity_Main_Grid
2023-07-09,172.12,Electricity_Main_Grid
2023-07-10,174.49,Electricity_Main_Grid
2023-07-11,178.97,Electricity_Main_Grid
2023-07-12,189.51,Electricity_Main_Grid
2023-07-13,192.56,Electricity_Main_Grid
2023-07-14,188.9,Electricity_Main_Grid
2023-07-15,175.44,Electricity_Main_Grid
2023-07-16,174.82,Electricity_Main_Grid
2023-07-17,174.16,Electricity_Main_Grid
2023-07-18,186.96,Electricity_Main_Grid
2023-07-19,189.81,Electricity_Main_Grid
2023-07-20,192.72,Electricity_Main_Grid
2023-07-21,193.06,Electricity_Main_Grid
2023-07-22,179.3,Electricity_Main_Grid
2023-07-23,169.45,Electricity_Main_Grid
2023-07-24,177.14,Electricity_Main_Grid
2023-07-25,180.05,Electricity_Main_Grid
2023-07-26,191.29,Electricity_Main_Grid
2023-07-27,192.15,Electricity_Main_Grid
2023-07-28,184.78,Electricity_Main_Grid
2023-07-29,180.87,Electricity_Main_Grid
2023-07-30,171.57,Electricity_Main_Grid
2023-07-31,177.22,Electricity_Main_Grid
2023-08-01,180.92,Electricity_Main_Grid
2023-08-02,196.04,Electricity_Main_Grid
2023-08-03,197.76,Electricity_Main_Grid
2023-08-04,188.67,Electricity_Main_Grid
2023-08-05,178.14,Electricity_Main_Grid
2023-08-06,174.06,Electricity_Main_Grid
2023-08-07,176.22,Electricity_Main_Grid
2023-08-08,181.06,Electricity_Main_Grid
2023-08-09,189.95,Electricity_Main_Grid
2023-08-10,193.11,Electricity_Main_Grid
2023-08-11,186.4,Electricity_Main_Grid
2023-08-12,179.48,Electricity_Main_Grid
2023-08-13,180.23,Electricity_Main_Grid
2023-08-14,176.61,Electricity_Main_Grid
2023-08-15,183.73,Electricity_Main_Grid
2023-08-16,192.38,Electricity_Main_Grid
2023-08-17,194.39,Electricity_Main_Grid
2023-08-18,189.77,Electricity_Main_Grid
2023-08-19,182.15,Electricity_Main_Grid
2023-08-20,176.06,Electricity_Main_Grid
2023-08-21,178.35,Electricity_Main_Grid
2023-08-22,181.7,Electricity_Main_Grid
2023-08-23,190.14,Electricity_Main_Grid
2023-08-24,194.35,Electricity_Main_Grid
2023-08-25,188.9,Electricity_Main_Grid
2023-08-26,180.55,Electricity_Main_Grid
2023-08-27,174.27,Electricity_Main_Grid
2023-08-28,176.46,Electricity_Main_Grid
2023-08-29,181.39,Electricity_Main_Grid
2023-08-30,194.24,Electricity_Main_Grid
2023-08-31,193.31,Electricity_Main_Grid
2023-09-01,189.35,Electricity_Main_Grid
2023-09-02,181.07,Electricity_Main_Grid
2023-09-03,176.38,Electricity_Main_Grid
2023-09-04,178.57,Electricity_Main_Grid
2023-09-05,186.9,Electricity_Main_Grid
2023-09-06,197.21,Electricity_Main_Grid
2023-09-07,197.38,Electricity_Main_Grid
2023-09-08,186.86,Electricity_Main_Grid
2023-09-09,182.41,Electricity_Main_Grid
2023-09-10,175.13,Electricity_Main_Grid
2023-09-11,174.75,Electricity_Main_Grid
2023-09-12,185.45,Electricity_Main_Grid
2023-09-13,197.69,Electricity_Main_Grid
2023-09-14,200.18,Electricity_Main_Grid
2023-09-15,190.5,Electricity_Main_Grid
2023-09-16,185.07,Electricity_Main_Grid
2023-09-17,178.93,Electricity_Main_Grid
2023-09-18,177.59,Electricity_Main_Grid
2023-09-19,183.25,Electricity_Main_Grid
2023-09-20,196.27,Electricity_Main_Grid
2023-09-21,192.63,Electricity_Main_Grid
2023-09-22,192.45,Electricity_Main_Grid
2023-09-23,180.97,Electricity_Main_Grid
2023-09-24,174.07,Electricity_Main_Grid
2023-09-25,179.32,Electricity_Main_Grid
2023-09-26,190.97,Electricity_Main_Grid
2023-09-27,192.83,Electricity_Main_Grid
2023-09-28,195.87,Electricity_Main_Grid
2023-09-29,192.42,Electricity_Main_Grid
2023-09-30,182.74,Electricity_Main_Grid
2023-10-01,177.77,Electricity_Main_Grid
2023-10-02,175.94,Electricity_Main_Grid
2023-10-03,188.81,Electricity_Main_Grid
2023-10-04,192.98,Electricity_Main_Grid
2023-10-05,198.09,Electricity_Main_Grid
2023-10-06,191.12,Electricity_Main_Grid
2023-10-07,184.47,Electricity_Main_Grid
2023-10-08,180.17,Electricity_Main_Grid
2023-10-09,177.15,Electricity_Main_Grid
2023-10-10,188.04,Electricity_Main_Grid
2023-10-11,199.0,Electricity_Main_Grid
2023-10-12,196.75,Electricity_Main_Grid
2023-10-13,190.2,Electricity_Main_Grid
2023-10-14,184.46,Electricity_Main_Grid
2023-10-15,177.57,Electricity_Main_Grid
2023-10-16,182.89,Electricity_Main_Grid
2023-10-17,186.11,Electricity_Main_Grid
2023-10-18,192.43,Electricity_Main_Grid
2023-10-19,196.96,Electricity_Main_Grid
2023-10-20,193.93,Electricity_Main_Grid
2023-10-21,182.55,Electricity_Main_Grid
2023-10-22,177.1,Electricity_Main_Grid
2023-10-23,178.74,Electricity_Main_Grid
2023-10-24,186.64,Electricity_Main_Grid
2023-10-25,193.82,Electricity_Main_Grid
2023-10-26,199.5,Electricity_Main_Grid
2023-10-27,194.11,Electricity_Main_Grid
2023-10-28,182.54,Electricity_Main_Grid
2023-10-29,173.54,Electricity_Main_Grid
2023-10-30,175.48,Electricity_Main_Grid
2023-10-31,186.24,Electricity_Main_Grid
2023-11-01,195.48,Electricity_Main_Grid
2023-11-02,197.61,Electricity_Main_Grid
2023-11-03,191.87,Electricity_Main_Grid
2023-11-04,185.57,Electricity_Main_Grid
2023-11-05,177.45,Electricity_Main_Grid
2023-11-06,177.25,Electricity_Main_Grid
2023-11-07,188.92,Electricity_Main_Grid
2023-11-08,196.41,Electricity_Main_Grid
2023-11-09,199.63,Electricity_Main_Grid
2023-11-10,194.54,Electricity_Main_Grid
2023-11-11,183.56,Electricity_Main_Grid
2023-11-12,181.87,Electricity_Main_Grid
2023-11-13,183.58,Electricity_Main_Grid
2023-11-14,192.93,Electricity_Main_Grid
2023-11-15,198.25,Electricity_Main_Grid
2023-11-16,197.52,Electricity_Main_Grid
2023-11-17,191.12,Electricity_Main_Grid
2023-11-18,182.68,Electricity_Main_Grid
2023-11-19,179.88,Electricity_Main_Grid
2023-11-20,183.58,Electricity_Main_Grid
2023-11-21,189.44,Electricity_Main_Grid
2023-11-22,196.04,Electricity_Main_Grid
2023-11-23,198.73,Electricity_Main_Grid
2023-11-24,195.13,Electricity_Main_Grid
2023-11-25,185.88,Electricity_Main_Grid
2023-11-26,180.89,Electricity_Main_Grid
2023-11-27,184.09,Electricity_Main_Grid
2023-11-28,189.53,Electricity_Main_Grid
2023-11-29,196.62,Electricity_Main_Grid
2023-11-30,202.73,Electricity_Main_Grid
2023-12-01,196.85,Electricity_Main_Grid
2023-12-02,187.01,Electricity_Main_Grid
2023-12-03,180.35,Electricity_Main_Grid
2023-12-04,180.88,Electricity_Main_Grid
2023-12-05,188.11,Electricity_Main_Grid
2023-12-06,199.41,Electricity_Main_Grid
2023-12-07,201.37,Electricity_Main_Grid
2023-12-08,194.16,Electricity_Main_Grid
2023-12-09,186.15,Electricity_Main_Grid
2023-12-10,177.56,Electricity_Main_Grid
2023-12-11,182.29,Electricity_Main_Grid
2023-12-12,190.48,Electricity_Main_Grid
2023-12-13,198.26,Electricity_Main_Grid
2023-12-14,193.46,Electricity_Main_Grid
2023-12-15,191.34,Electricity_Main_Grid
2023-12-16,187.59,Electricity_Main_Grid
2023-12-17,181.3,Electricity_Main_Grid
2023-12-18,181.38,Electricity_Main_Grid
2023-12-19,191.65,Electricity_Main_Grid
2023-12-20,200.38,Electricity_Main_Grid
2023-12-21,199.58,Electricity_Main_Grid
2023-12-22,196.63,Electricity_Main_Grid
2023-12-23,186.1,Electricity_Main_Grid
2023-12-24,182.35,Electricity_Main_Grid
2023-12-25,184.5,Electricity_Main_Grid
2023-12-26,189.11,Electricity_Main_Grid
2023-12-27,197.85,Electricity_Main_Grid
2023-12-28,200.42,Electricity_Main_Grid
2023-12-29,198.69,Electricity_Main_Grid
2023-12-30,184.78,Electricity_Main_Grid
2023-12-31,180.21,Electricity_Main_Grid
